"OriginalPath","BackupPath"
"C:\Users\labuser\AppData\Local\Temp\2\gen_py\3.9\dicts.dat","C:\Users\labuser\Documents\training\day3\Backup\20260805_120906\Users\labuser\AppData\Local\Temp\2\gen_py\3.9\dicts.dat"
"C:\Users\labuser\AppData\Local\Temp\2\gen_py\3.9\__init__.py","C:\Users\labuser\Documents\training\day3\Backup\20260805_120906\Users\labuser\AppData\Local\Temp\2\gen_py\3.9\__init__.py"
"C:\Windows\Temp\bb3a785178f443fda931098a5a9a306b.db.ses","C:\Users\labuser\Documents\training\day3\Backup\20260805_120906\Windows\Temp\bb3a785178f443fda931098a5a9a306b.db.ses"
"C:\Windows\Temp\MpCmdRun.log","C:\Users\labuser\Documents\training\day3\Backup\20260805_120906\Windows\Temp\MpCmdRun.log"
"C:\Windows\Temp\MpSigStub.log","C:\Users\labuser\Documents\training\day3\Backup\20260805_120906\Windows\Temp\MpSigStub.log"
"C:\Windows\Temp\silconfig.log","C:\Users\labuser\Documents\training\day3\Backup\20260805_120906\Windows\Temp\silconfig.log"
"C:\Windows\Temp\_env.cmd","C:\Users\labuser\Documents\training\day3\Backup\20260805_120906\Windows\Temp\_env.cmd"
"C:\Windows\Temp\chocolatey\activitywatch\0.13.2\activitywatch-v0.13.2-windows-x86_64.zip","C:\Users\labuser\Documents\training\day3\Backup\20260805_120906\Windows\Temp\chocolatey\activitywatch\0.13.2\activitywatch-v0.13.2-windows-x86_64.zip"
"C:\Windows\Temp\chocolatey\chocoInstall\chocolatey.nuspec","C:\Users\labuser\Documents\training\day3\Backup\20260805_120906\Windows\Temp\chocolatey\chocoInstall\chocolatey.nuspec"
"C:\Windows\Temp\chocolatey\chocoInstall\chocolatey.zip","C:\Users\labuser\Documents\training\day3\Backup\20260805_120906\Windows\Temp\chocolatey\chocoInstall\chocolatey.zip"
"C:\Windows\Temp\chocolatey\chocoInstall\[Content_Types].xml","C:\Users\labuser\Documents\training\day3\Backup\20260805_120906\Windows\Temp\chocolatey\chocoInstall\[Content_Types].xml"
"C:\Windows\Temp\chocolatey\chocoInstall\package\services\metadata\core-properties\5ad4dc75cc79452d8e7e738cb4a3286e.psmdcp","C:\Users\labuser\Documents\training\day3\Backup\20260805_120906\Windows\Temp\chocolatey\chocoInstall\package\services\metadata\core-properties\5ad4dc75cc79452d8e7e738cb4a3286e.psmdcp"
"C:\Windows\Temp\chocolatey\chocoInstall\tools\chocolateyInstall.ps1","C:\Users\labuser\Documents\training\day3\Backup\20260805_120906\Windows\Temp\chocolatey\chocoInstall\tools\chocolateyInstall.ps1"
"C:\Windows\Temp\chocolatey\chocoInstall\tools\chocolateysetup.psm1","C:\Users\labuser\Documents\training\day3\Backup\20260805_120906\Windows\Temp\chocolatey\chocoInstall\tools\chocolateysetup.psm1"
"C:\Windows\Temp\chocolatey\chocoInstall\tools\init.ps1","C:\Users\labuser\Documents\training\day3\Backup\20260805_120906\Windows\Temp\chocolatey\chocoInstall\tools\init.ps1"
"C:\Windows\Temp\chocolatey\chocoInstall\tools\VERIFICATION.txt","C:\Users\labuser\Documents\training\day3\Backup\20260805_120906\Windows\Temp\chocolatey\chocoInstall\tools\VERIFICATION.txt"
"C:\Windows\Temp\chocolatey\chocoInstall\tools\chocolateyInstall\choco.exe","C:\Users\labuser\Documents\training\day3\Backup\20260805_120906\Windows\Temp\chocolatey\chocoInstall\tools\chocolateyInstall\choco.exe"
"C:\Windows\Temp\chocolatey\chocoInstall\tools\chocolateyInstall\choco.exe.ignore","C:\Users\labuser\Documents\training\day3\Backup\20260805_120906\Windows\Temp\chocolatey\chocoInstall\tools\chocolateyInstall\choco.exe.ignore"
"C:\Windows\Temp\chocolatey\chocoInstall\tools\chocolateyInstall\choco.exe.manifest","C:\Users\labuser\Documents\training\day3\Backup\20260805_120906\Windows\Temp\chocolatey\chocoInstall\tools\chocolateyInstall\choco.exe.manifest"
"C:\Windows\Temp\chocolatey\chocoInstall\tools\chocolateyInstall\CREDITS.txt","C:\Users\labuser\Documents\training\day3\Backup\20260805_120906\Windows\Temp\chocolatey\chocoInstall\tools\chocolateyInstall\CREDITS.txt"
"C:\Windows\Temp\chocolatey\chocoInstall\tools\chocolateyInstall\LICENSE.txt","C:\Users\labuser\Documents\training\day3\Backup\20260805_120906\Windows\Temp\chocolatey\chocoInstall\tools\chocolateyInstall\LICENSE.txt"
"C:\Windows\Temp\chocolatey\chocoInstall\tools\chocolateyInstall\helpers\chocolateyInstaller.psm1","C:\Users\labuser\Documents\training\day3\Backup\20260805_120906\Windows\Temp\chocolatey\chocoInstall\tools\chocolateyInstall\helpers\chocolateyInstaller.psm1"
"C:\Windows\Temp\chocolatey\chocoInstall\tools\chocolateyInstall\helpers\chocolateyProfile.psm1","C:\Users\labuser\Documents\training\day3\Backup\20260805_120906\Windows\Temp\chocolatey\chocoInstall\tools\chocolateyInstall\helpers\chocolateyProfile.psm1"
"C:\Windows\Temp\chocolatey\chocoInstall\tools\chocolateyInstall\helpers\chocolateyScriptRunner.ps1","C:\Users\labuser\Documents\training\day3\Backup\20260805_120906\Windows\Temp\chocolatey\chocoInstall\tools\chocolateyInstall\helpers\chocolateyScriptRunner.ps1"
"C:\Windows\Temp\chocolatey\chocoInstall\tools\chocolateyInstall\helpers\ChocolateyTabExpansion.ps1","C:\Users\labuser\Documents\training\day3\Backup\20260805_120906\Windows\Temp\chocolatey\chocoInstall\tools\chocolateyInstall\helpers\ChocolateyTabExpansion.ps1"
"C:\Windows\Temp\chocolatey\chocoInstall\tools\chocolateyInstall\helpers\functions\Format-FileSize.ps1","C:\Users\labuser\Documents\training\day3\Backup\20260805_120906\Windows\Temp\chocolatey\chocoInstall\tools\chocolateyInstall\helpers\functions\Format-FileSize.ps1"
"C:\Windows\Temp\chocolatey\chocoInstall\tools\chocolateyInstall\helpers\functions\Get-CheckSumValid.ps1","C:\Users\labuser\Documents\training\day3\Backup\20260805_120906\Windows\Temp\chocolatey\chocoInstall\tools\chocolateyInstall\helpers\functions\Get-CheckSumValid.ps1"
"C:\Windows\Temp\chocolatey\chocoInstall\tools\chocolateyInstall\helpers\functions\Get-ChocolateyPath.ps1","C:\Users\labuser\Documents\training\day3\Backup\20260805_120906\Windows\Temp\chocolatey\chocoInstall\tools\chocolateyInstall\helpers\functions\Get-ChocolateyPath.ps1"
"C:\Windows\Temp\chocolatey\chocoInstall\tools\chocolateyInstall\helpers\functions\Get-ChocolateyUnzip.ps1","C:\Users\labuser\Documents\training\day3\Backup\20260805_120906\Windows\Temp\chocolatey\chocoInstall\tools\chocolateyInstall\helpers\functions\Get-ChocolateyUnzip.ps1"
"C:\Windows\Temp\chocolatey\chocoInstall\tools\chocolateyInstall\helpers\functions\Get-ChocolateyWebFile.ps1","C:\Users\labuser\Documents\training\day3\Backup\20260805_120906\Windows\Temp\chocolatey\chocoInstall\tools\chocolateyInstall\helpers\functions\Get-ChocolateyWebFile.ps1"
"C:\Windows\Temp\chocolatey\chocoInstall\tools\chocolateyInstall\helpers\functions\Get-EnvironmentVariable.ps1","C:\Users\labuser\Documents\training\day3\Backup\20260805_120906\Windows\Temp\chocolatey\chocoInstall\tools\chocolateyInstall\helpers\functions\Get-EnvironmentVariable.ps1"
"C:\Windows\Temp\chocolatey\chocoInstall\tools\chocolateyInstall\helpers\functions\Get-EnvironmentVariableNames.ps1","C:\Users\labuser\Documents\training\day3\Backup\20260805_120906\Windows\Temp\chocolatey\chocoInstall\tools\chocolateyInstall\helpers\functions\Get-EnvironmentVariableNames.ps1"
"C:\Windows\Temp\chocolatey\chocoInstall\tools\chocolateyInstall\helpers\functions\Get-FtpFile.ps1","C:\Users\labuser\Documents\training\day3\Backup\20260805_120906\Windows\Temp\chocolatey\chocoInstall\tools\chocolateyInstall\helpers\functions\Get-FtpFile.ps1"
"C:\Windows\Temp\chocolatey\chocoInstall\tools\chocolateyInstall\helpers\functions\Get-OSArchitectureWidth.ps1","C:\Users\labuser\Documents\training\day3\Backup\20260805_120906\Windows\Temp\chocolatey\chocoInstall\tools\chocolateyInstall\helpers\functions\Get-OSArchitectureWidth.ps1"
"C:\Windows\Temp\chocolatey\chocoInstall\tools\chocolateyInstall\helpers\functions\Get-PackageParameters.ps1","C:\Users\labuser\Documents\training\day3\Backup\20260805_120906\Windows\Temp\chocolatey\chocoInstall\tools\chocolateyInstall\helpers\functions\Get-PackageParameters.ps1"
"C:\Windows\Temp\chocolatey\chocoInstall\tools\chocolateyInstall\helpers\functions\Get-ToolsLocation.ps1","C:\Users\labuser\Documents\training\day3\Backup\20260805_120906\Windows\Temp\chocolatey\chocoInstall\tools\chocolateyInstall\helpers\functions\Get-ToolsLocation.ps1"
"C:\Windows\Temp\chocolatey\chocoInstall\tools\chocolateyInstall\helpers\functions\Get-UACEnabled.ps1","C:\Users\labuser\Documents\training\day3\Backup\20260805_120906\Windows\Temp\chocolatey\chocoInstall\tools\chocolateyInstall\helpers\functions\Get-UACEnabled.ps1"
"C:\Windows\Temp\chocolatey\chocoInstall\tools\chocolateyInstall\helpers\functions\Get-UninstallRegistryKey.ps1","C:\Users\labuser\Documents\training\day3\Backup\20260805_120906\Windows\Temp\chocolatey\chocoInstall\tools\chocolateyInstall\helpers\functions\Get-UninstallRegistryKey.ps1"
"C:\Windows\Temp\chocolatey\chocoInstall\tools\chocolateyInstall\helpers\functions\Get-VirusCheckValid.ps1","C:\Users\labuser\Documents\training\day3\Backup\20260805_120906\Windows\Temp\chocolatey\chocoInstall\tools\chocolateyInstall\helpers\functions\Get-VirusCheckValid.ps1"
"C:\Windows\Temp\chocolatey\chocoInstall\tools\chocolateyInstall\helpers\functions\Get-WebFile.ps1","C:\Users\labuser\Documents\training\day3\Backup\20260805_120906\Windows\Temp\chocolatey\chocoInstall\tools\chocolateyInstall\helpers\functions\Get-WebFile.ps1"
"C:\Windows\Temp\chocolatey\chocoInstall\tools\chocolateyInstall\helpers\functions\Get-WebFileName.ps1","C:\Users\labuser\Documents\training\day3\Backup\20260805_120906\Windows\Temp\chocolatey\chocoInstall\tools\chocolateyInstall\helpers\functions\Get-WebFileName.ps1"
"C:\Windows\Temp\chocolatey\chocoInstall\tools\chocolateyInstall\helpers\functions\Get-WebHeaders.ps1","C:\Users\labuser\Documents\training\day3\Backup\20260805_120906\Windows\Temp\chocolatey\chocoInstall\tools\chocolateyInstall\helpers\functions\Get-WebHeaders.ps1"
"C:\Windows\Temp\chocolatey\chocoInstall\tools\chocolateyInstall\helpers\functions\Install-BinFile.ps1","C:\Users\labuser\Documents\training\day3\Backup\20260805_120906\Windows\Temp\chocolatey\chocoInstall\tools\chocolateyInstall\helpers\functions\Install-BinFile.ps1"
"C:\Windows\Temp\chocolatey\chocoInstall\tools\chocolateyInstall\helpers\functions\Install-ChocolateyEnvironmentVariable.ps1","C:\Users\labuser\Documents\training\day3\Backup\20260805_120906\Windows\Temp\chocolatey\chocoInstall\tools\chocolateyInstall\helpers\functions\Install-ChocolateyEnvironmentVariable.ps1"
"C:\Windows\Temp\chocolatey\chocoInstall\tools\chocolateyInstall\helpers\functions\Install-ChocolateyExplorerMenuItem.ps1","C:\Users\labuser\Documents\training\day3\Backup\20260805_120906\Windows\Temp\chocolatey\chocoInstall\tools\chocolateyInstall\helpers\functions\Install-ChocolateyExplorerMenuItem.ps1"
"C:\Windows\Temp\chocolatey\chocoInstall\tools\chocolateyInstall\helpers\functions\Install-ChocolateyFileAssociation.ps1","C:\Users\labuser\Documents\training\day3\Backup\20260805_120906\Windows\Temp\chocolatey\chocoInstall\tools\chocolateyInstall\helpers\functions\Install-ChocolateyFileAssociation.ps1"
"C:\Windows\Temp\chocolatey\chocoInstall\tools\chocolateyInstall\helpers\functions\Install-ChocolateyInstallPackage.ps1","C:\Users\labuser\Documents\training\day3\Backup\20260805_120906\Windows\Temp\chocolatey\chocoInstall\tools\chocolateyInstall\helpers\functions\Install-ChocolateyInstallPackage.ps1"
"C:\Windows\Temp\chocolatey\chocoInstall\tools\chocolateyInstall\helpers\functions\Install-ChocolateyPackage.ps1","C:\Users\labuser\Documents\training\day3\Backup\20260805_120906\Windows\Temp\chocolatey\chocoInstall\tools\chocolateyInstall\helpers\functions\Install-ChocolateyPackage.ps1"
"C:\Windows\Temp\chocolatey\chocoInstall\tools\chocolateyInstall\helpers\functions\Install-ChocolateyPath.ps1","C:\Users\labuser\Documents\training\day3\Backup\20260805_120906\Windows\Temp\chocolatey\chocoInstall\tools\chocolateyInstall\helpers\functions\Install-ChocolateyPath.ps1"
"C:\Windows\Temp\chocolatey\chocoInstall\tools\chocolateyInstall\helpers\functions\Install-ChocolateyPinnedTaskBarItem.ps1","C:\Users\labuser\Documents\training\day3\Backup\20260805_120906\Windows\Temp\chocolatey\chocoInstall\tools\chocolateyInstall\helpers\functions\Install-ChocolateyPinnedTaskBarItem.ps1"
"C:\Windows\Temp\chocolatey\chocoInstall\tools\chocolateyInstall\helpers\functions\Install-ChocolateyPowershellCommand.ps1","C:\Users\labuser\Documents\training\day3\Backup\20260805_120906\Windows\Temp\chocolatey\chocoInstall\tools\chocolateyInstall\helpers\functions\Install-ChocolateyPowershellCommand.ps1"
"C:\Windows\Temp\chocolatey\chocoInstall\tools\chocolateyInstall\helpers\functions\Install-ChocolateyShortcut.ps1","C:\Users\labuser\Documents\training\day3\Backup\20260805_120906\Windows\Temp\chocolatey\chocoInstall\tools\chocolateyInstall\helpers\functions\Install-ChocolateyShortcut.ps1"
"C:\Windows\Temp\chocolatey\chocoInstall\tools\chocolateyInstall\helpers\functions\Install-ChocolateyVsixPackage.ps1","C:\Users\labuser\Documents\training\day3\Backup\20260805_120906\Windows\Temp\chocolatey\chocoInstall\tools\chocolateyInstall\helpers\functions\Install-ChocolateyVsixPackage.ps1"
"C:\Windows\Temp\chocolatey\chocoInstall\tools\chocolateyInstall\helpers\functions\Install-ChocolateyZipPackage.ps1","C:\Users\labuser\Documents\training\day3\Backup\20260805_120906\Windows\Temp\chocolatey\chocoInstall\tools\chocolateyInstall\helpers\functions\Install-ChocolateyZipPackage.ps1"
"C:\Windows\Temp\chocolatey\chocoInstall\tools\chocolateyInstall\helpers\functions\Install-Vsix.ps1","C:\Users\labuser\Documents\training\day3\Backup\20260805_120906\Windows\Temp\chocolatey\chocoInstall\tools\chocolateyInstall\helpers\functions\Install-Vsix.ps1"
"C:\Windows\Temp\chocolatey\chocoInstall\tools\chocolateyInstall\helpers\functions\Set-EnvironmentVariable.ps1","C:\Users\labuser\Documents\training\day3\Backup\20260805_120906\Windows\Temp\chocolatey\chocoInstall\tools\chocolateyInstall\helpers\functions\Set-EnvironmentVariable.ps1"
"C:\Windows\Temp\chocolatey\chocoInstall\tools\chocolateyInstall\helpers\functions\Set-PowerShellExitCode.ps1","C:\Users\labuser\Documents\training\day3\Backup\20260805_120906\Windows\Temp\chocolatey\chocoInstall\tools\chocolateyInstall\helpers\functions\Set-PowerShellExitCode.ps1"
"C:\Windows\Temp\chocolatey\chocoInstall\tools\chocolateyInstall\helpers\functions\Start-ChocolateyProcessAsAdmin.ps1","C:\Users\labuser\Documents\training\day3\Backup\20260805_120906\Windows\Temp\chocolatey\chocoInstall\tools\chocolateyInstall\helpers\functions\Start-ChocolateyProcessAsAdmin.ps1"
"C:\Windows\Temp\chocolatey\chocoInstall\tools\chocolateyInstall\helpers\functions\Test-ProcessAdminRights.ps1","C:\Users\labuser\Documents\training\day3\Backup\20260805_120906\Windows\Temp\chocolatey\chocoInstall\tools\chocolateyInstall\helpers\functions\Test-ProcessAdminRights.ps1"
"C:\Windows\Temp\chocolatey\chocoInstall\tools\chocolateyInstall\helpers\functions\Uninstall-BinFile.ps1","C:\Users\labuser\Documents\training\day3\Backup\20260805_120906\Windows\Temp\chocolatey\chocoInstall\tools\chocolateyInstall\helpers\functions\Uninstall-BinFile.ps1"
"C:\Windows\Temp\chocolatey\chocoInstall\tools\chocolateyInstall\helpers\functions\Uninstall-ChocolateyEnvironmentVariable.ps1","C:\Users\labuser\Documents\training\day3\Backup\20260805_120906\Windows\Temp\chocolatey\chocoInstall\tools\chocolateyInstall\helpers\functions\Uninstall-ChocolateyEnvironmentVariable.ps1"
"C:\Windows\Temp\chocolatey\chocoInstall\tools\chocolateyInstall\helpers\functions\Uninstall-ChocolateyPackage.ps1","C:\Users\labuser\Documents\training\day3\Backup\20260805_120906\Windows\Temp\chocolatey\chocoInstall\tools\chocolateyInstall\helpers\functions\Uninstall-ChocolateyPackage.ps1"
"C:\Windows\Temp\chocolatey\chocoInstall\tools\chocolateyInstall\helpers\functions\UnInstall-ChocolateyZipPackage.ps1","C:\Users\labuser\Documents\training\day3\Backup\20260805_120906\Windows\Temp\chocolatey\chocoInstall\tools\chocolateyInstall\helpers\functions\UnInstall-ChocolateyZipPackage.ps1"
"C:\Windows\Temp\chocolatey\chocoInstall\tools\chocolateyInstall\helpers\functions\Update-SessionEnvironment.ps1","C:\Users\labuser\Documents\training\day3\Backup\20260805_120906\Windows\Temp\chocolatey\chocoInstall\tools\chocolateyInstall\helpers\functions\Update-SessionEnvironment.ps1"
"C:\Windows\Temp\chocolatey\chocoInstall\tools\chocolateyInstall\helpers\functions\Write-FunctionCallLogMessage.ps1","C:\Users\labuser\Documents\training\day3\Backup\20260805_120906\Windows\Temp\chocolatey\chocoInstall\tools\chocolateyInstall\helpers\functions\Write-FunctionCallLogMessage.ps1"
"C:\Windows\Temp\chocolatey\chocoInstall\tools\chocolateyInstall\redirects\choco.exe","C:\Users\labuser\Documents\training\day3\Backup\20260805_120906\Windows\Temp\chocolatey\chocoInstall\tools\chocolateyInstall\redirects\choco.exe"
"C:\Windows\Temp\chocolatey\chocoInstall\tools\chocolateyInstall\redirects\choco.exe.ignore","C:\Users\labuser\Documents\training\day3\Backup\20260805_120906\Windows\Temp\chocolatey\chocoInstall\tools\chocolateyInstall\redirects\choco.exe.ignore"
"C:\Windows\Temp\chocolatey\chocoInstall\tools\chocolateyInstall\redirects\chocolatey.exe","C:\Users\labuser\Documents\training\day3\Backup\20260805_120906\Windows\Temp\chocolatey\chocoInstall\tools\chocolateyInstall\redirects\chocolatey.exe"
"C:\Windows\Temp\chocolatey\chocoInstall\tools\chocolateyInstall\redirects\chocolatey.exe.ignore","C:\Users\labuser\Documents\training\day3\Backup\20260805_120906\Windows\Temp\chocolatey\chocoInstall\tools\chocolateyInstall\redirects\chocolatey.exe.ignore"
"C:\Windows\Temp\chocolatey\chocoInstall\tools\chocolateyInstall\redirects\cinst.exe","C:\Users\labuser\Documents\training\day3\Backup\20260805_120906\Windows\Temp\chocolatey\chocoInstall\tools\chocolateyInstall\redirects\cinst.exe"
"C:\Windows\Temp\chocolatey\chocoInstall\tools\chocolateyInstall\redirects\cinst.exe.ignore","C:\Users\labuser\Documents\training\day3\Backup\20260805_120906\Windows\Temp\chocolatey\chocoInstall\tools\chocolateyInstall\redirects\cinst.exe.ignore"
"C:\Windows\Temp\chocolatey\chocoInstall\tools\chocolateyInstall\redirects\clist.exe","C:\Users\labuser\Documents\training\day3\Backup\20260805_120906\Windows\Temp\chocolatey\chocoInstall\tools\chocolateyInstall\redirects\clist.exe"
"C:\Windows\Temp\chocolatey\chocoInstall\tools\chocolateyInstall\redirects\clist.exe.ignore","C:\Users\labuser\Documents\training\day3\Backup\20260805_120906\Windows\Temp\chocolatey\chocoInstall\tools\chocolateyInstall\redirects\clist.exe.ignore"
"C:\Windows\Temp\chocolatey\chocoInstall\tools\chocolateyInstall\redirects\cpush.exe","C:\Users\labuser\Documents\training\day3\Backup\20260805_120906\Windows\Temp\chocolatey\chocoInstall\tools\chocolateyInstall\redirects\cpush.exe"
"C:\Windows\Temp\chocolatey\chocoInstall\tools\chocolateyInstall\redirects\cpush.exe.ignore","C:\Users\labuser\Documents\training\day3\Backup\20260805_120906\Windows\Temp\chocolatey\chocoInstall\tools\chocolateyInstall\redirects\cpush.exe.ignore"
"C:\Windows\Temp\chocolatey\chocoInstall\tools\chocolateyInstall\redirects\cuninst.exe","C:\Users\labuser\Documents\training\day3\Backup\20260805_120906\Windows\Temp\chocolatey\chocoInstall\tools\chocolateyInstall\redirects\cuninst.exe"
"C:\Windows\Temp\chocolatey\chocoInstall\tools\chocolateyInstall\redirects\cuninst.exe.ignore","C:\Users\labuser\Documents\training\day3\Backup\20260805_120906\Windows\Temp\chocolatey\chocoInstall\tools\chocolateyInstall\redirects\cuninst.exe.ignore"
"C:\Windows\Temp\chocolatey\chocoInstall\tools\chocolateyInstall\redirects\cup.exe","C:\Users\labuser\Documents\training\day3\Backup\20260805_120906\Windows\Temp\chocolatey\chocoInstall\tools\chocolateyInstall\redirects\cup.exe"
"C:\Windows\Temp\chocolatey\chocoInstall\tools\chocolateyInstall\redirects\cup.exe.ignore","C:\Users\labuser\Documents\training\day3\Backup\20260805_120906\Windows\Temp\chocolatey\chocoInstall\tools\chocolateyInstall\redirects\cup.exe.ignore"
"C:\Windows\Temp\chocolatey\chocoInstall\tools\chocolateyInstall\redirects\RefreshEnv.cmd","C:\Users\labuser\Documents\training\day3\Backup\20260805_120906\Windows\Temp\chocolatey\chocoInstall\tools\chocolateyInstall\redirects\RefreshEnv.cmd"
"C:\Windows\Temp\chocolatey\chocoInstall\tools\chocolateyInstall\tools\7z.dll","C:\Users\labuser\Documents\training\day3\Backup\20260805_120906\Windows\Temp\chocolatey\chocoInstall\tools\chocolateyInstall\tools\7z.dll"
"C:\Windows\Temp\chocolatey\chocoInstall\tools\chocolateyInstall\tools\7z.dll.manifest","C:\Users\labuser\Documents\training\day3\Backup\20260805_120906\Windows\Temp\chocolatey\chocoInstall\tools\chocolateyInstall\tools\7z.dll.manifest"
"C:\Windows\Temp\chocolatey\chocoInstall\tools\chocolateyInstall\tools\7z.exe","C:\Users\labuser\Documents\training\day3\Backup\20260805_120906\Windows\Temp\chocolatey\chocoInstall\tools\chocolateyInstall\tools\7z.exe"
"C:\Windows\Temp\chocolatey\chocoInstall\tools\chocolateyInstall\tools\7z.exe.ignore","C:\Users\labuser\Documents\training\day3\Backup\20260805_120906\Windows\Temp\chocolatey\chocoInstall\tools\chocolateyInstall\tools\7z.exe.ignore"
"C:\Windows\Temp\chocolatey\chocoInstall\tools\chocolateyInstall\tools\7z.exe.manifest","C:\Users\labuser\Documents\training\day3\Backup\20260805_120906\Windows\Temp\chocolatey\chocoInstall\tools\chocolateyInstall\tools\7z.exe.manifest"
"C:\Windows\Temp\chocolatey\chocoInstall\tools\chocolateyInstall\tools\7zip.license.txt","C:\Users\labuser\Documents\training\day3\Backup\20260805_120906\Windows\Temp\chocolatey\chocoInstall\tools\chocolateyInstall\tools\7zip.license.txt"
"C:\Windows\Temp\chocolatey\chocoInstall\tools\chocolateyInstall\tools\checksum.exe","C:\Users\labuser\Documents\training\day3\Backup\20260805_120906\Windows\Temp\chocolatey\chocoInstall\tools\chocolateyInstall\tools\checksum.exe"
"C:\Windows\Temp\chocolatey\chocoInstall\tools\chocolateyInstall\tools\checksum.exe.config","C:\Users\labuser\Documents\training\day3\Backup\20260805_120906\Windows\Temp\chocolatey\chocoInstall\tools\chocolateyInstall\tools\checksum.exe.config"
"C:\Windows\Temp\chocolatey\chocoInstall\tools\chocolateyInstall\tools\checksum.exe.ignore","C:\Users\labuser\Documents\training\day3\Backup\20260805_120906\Windows\Temp\chocolatey\chocoInstall\tools\chocolateyInstall\tools\checksum.exe.ignore"
"C:\Windows\Temp\chocolatey\chocoInstall\tools\chocolateyInstall\tools\checksum.license.txt","C:\Users\labuser\Documents\training\day3\Backup\20260805_120906\Windows\Temp\chocolatey\chocoInstall\tools\chocolateyInstall\tools\checksum.license.txt"
"C:\Windows\Temp\chocolatey\chocoInstall\tools\chocolateyInstall\tools\shimgen.exe","C:\Users\labuser\Documents\training\day3\Backup\20260805_120906\Windows\Temp\chocolatey\chocoInstall\tools\chocolateyInstall\tools\shimgen.exe"
"C:\Windows\Temp\chocolatey\chocoInstall\tools\chocolateyInstall\tools\shimgen.exe.ignore","C:\Users\labuser\Documents\training\day3\Backup\20260805_120906\Windows\Temp\chocolatey\chocoInstall\tools\chocolateyInstall\tools\shimgen.exe.ignore"
"C:\Windows\Temp\chocolatey\chocoInstall\tools\chocolateyInstall\tools\shimgen.license.txt","C:\Users\labuser\Documents\training\day3\Backup\20260805_120906\Windows\Temp\chocolatey\chocoInstall\tools\chocolateyInstall\tools\shimgen.license.txt"
"C:\Windows\Temp\chocolatey\chocoInstall\_rels\.rels","C:\Users\labuser\Documents\training\day3\Backup\20260805_120906\Windows\Temp\chocolatey\chocoInstall\_rels\.rels"
"C:\Windows\Temp\chocolatey\vscode.install\1.131.0\install.log","C:\Users\labuser\Documents\training\day3\Backup\20260805_120906\Windows\Temp\chocolatey\vscode.install\1.131.0\install.log"
"C:\Windows\Temp\chocolatey\vscode.install\1.131.0\VSCodeSetup-x64-1.131.0.exe","C:\Users\labuser\Documents\training\day3\Backup\20260805_120906\Windows\Temp\chocolatey\vscode.install\1.131.0\VSCodeSetup-x64-1.131.0.exe"
